Station_ID,Name,Address,Latitude,Longitude
103628,Circle K,"6996 Escondido Dr , El Paso, TX",31.844465,-106.549177
108623,Speedway,"6969 N Mesa St, El Paso, TX",31.835145950317,-106.550155639648
114138,Valero,"8004 N Mesa St, El Paso, TX",31.840966373161,-106.576582789421
196254,Walmart,"7831 Paseo Del Norte, El Paso, TX",31.883991,-106.578712
201577,Circle K,"6410 Doniphan Dr, El Paso, TX",31.886376,-106.596447
208696,Murphy USA,"7800 Paseo Del Notre Drive, El Paso, TX",31.883491,-106.576454
212131,Murphy USA,"7424 North Mesa, El Paso, TX",31.837817,-106.56075
37404,Sam's Club,"7970 N Mesa St, El Paso, TX",31.840896876485,-106.5753865242
45329,Speedway,"7900 Artcraft Rd, El Paso, TX",31.882495509357,-106.58295571804
69530,Speedway,"1540 N Resler Dr, El Paso, TX",31.879033564605,-106.568627357483
69536,Circle K,"7660 N Mesa St, El Paso, TX",31.839467056209,-106.568412780762
70943,Circle K,"5600 N Desert Blvd, El Paso, TX",31.863977906597,-106.576097309589
89213,Circle K,"7300 N Mesa St, El Paso, TX",31.837179297679,-106.557544469833
92362,Circle K,"650 N Resler Dr, El Paso, TX",31.851486,-106.554498
92480,Speedway,"4990 Doniphan Dr, El Paso, TX",31.840870672806,-106.579275727272
94801,Rudy's,"6401 S Desert Blvd, El Paso, TX",31.883971351511,-106.582982540131
